robin	box	digitized	harvard_link	title	folder
1088	Box 64	no		Peirce, Charles S. (Charles Sanders), 1839-1914.  On Gravity as an Index of the Movements of the Earth's Crust   : autograph manuscript, undated	1088_on-gravity-as-an-index-of-the-movements-of-th
1089	Box 64	no		Peirce, Charles S. (Charles Sanders), 1839-1914.  [On Metrology]   : autograph manuscript, undated	1089_on-metrology
1093	Box 64	no		Peirce, Charles S. (Charles Sanders), 1839-1914.  Note on the Theory of the Economy of Research   : autograph manuscript, before June 4, 1877	1093_note-on-the-theory-of-the-economy-of-research
460	Box 32	no		Peirce, Charles S. (Charles Sanders), 1839-1914.  [Lecture III]   : autograph manuscript notebook	460_lecture-iii
461	Box 32	no		Peirce, Charles S. (Charles Sanders), 1839-1914.  Lowell Lectures of 1903 by C. S. Peirce. Second draught of Lecture 3   : autograph manuscript notebook, September 30, 1903	461_lowell-lectures-of-1903-second-draught-of-lec
462	Box 32	yes	https://nrs.harvard.edu/URN-3:FHCL.HOUGH:105145005	Peirce, Charles S. (Charles Sanders), 1839-1914.  Charles S. Peirce's Lowell Lectures of 1903 2nd Draught of 3rd Lecture   : autograph manuscript, October 5, 1903	462_lowell-lectures-of-1903-2nd-draught-of-3rd-le
463	Box 32	no		Peirce, Charles S. (Charles Sanders), 1839-1914.  Lowell Lectures of 1903. Lecture III. 2nd Draught   : autograph manuscript notebook, 1903	463_lowell-lectures-of-1903-lecture-iii-2nd-draug
464	Box 32	yes	https://nrs.harvard.edu/URN-3:FHCL.HOUGH:105145111	Peirce, Charles S. (Charles Sanders), 1839-1914.  Charles S. Peirce's Lowell Lectures of 1903. Part 1 of 3rd draught of 3rd Lecture   : autograph manuscript notebook, begun October 8, 1903	464_lowell-lectures-of-1903-part-1-of-3rd-draught
465	Box 32	no		Peirce, Charles S. (Charles Sanders), 1839-1914.  Charles S. Peirce's Lowell Lectures of 1903. 2nd Part of 3rd Draught of Lecture III   : autograph manuscript notebook, October 12, 1903	465_lowell-lectures-of-1903-2nd-part-of-3rd-draug
466	Box 32	no		Peirce, Charles S. (Charles Sanders), 1839-1914.  Useful for 3rd or 4th?   : autograph manuscript notebook, 1903	466_lowell-lectures-of-1903-useful-for-3rd-or-4th
467	Box 32	no		Peirce, Charles S. (Charles Sanders), 1839-1914.  C. S. Peirce's Lowell Lectures for 1903. Lecture 4   : autograph manuscript	467_lowell-lectures-of-1903-lecture-4
469	Box 32	no		Peirce, Charles S. (Charles Sanders), 1839-1914.  Lowell Lectures. 1903. Lecture 5. Vol. 1   : autograph manuscript notebook, 1903	469_lowell-lectures-of-1903-lecture-5-vol-1
470	Box 32	no		Peirce, Charles S. (Charles Sanders), 1839-1914.  Lecture 5,. Vol. 2   : autograph manuscript notebook, 1903	470_lowell-lectures-of-1903-lecture-5-vol-2
471	Box 32	no		Peirce, Charles S. (Charles Sanders), 1839-1914.  [Lecture V]   : autograph manuscript notebook, 1903	471_lecture-v-autograph-manuscript-notebook-1903
472	Box 32	no		Peirce, Charles S. (Charles Sanders), 1839-1914.  Lowell Lectures. 1903. Sixth Lecture. Probability   : autograph manuscript	472_lowell-lectures-1903-sixth-lecture-probabilit
473	Box 32	no		Peirce, Charles S. (Charles Sanders), 1839-1914.  C. S. Peirce's Lowell lnstitute Lectures. 1903, Seventh Lecture. Introduction Vol. I   : MS Lectures.	473_c-s-peirce-s-lowell-institute-lectures
474	Box 32	no		Peirce, Charles S. (Charles Sanders), 1839-1914.  [Lecture VII]   : autograph manuscript notebook, 1903	474_lecture-vii-autograph-manuscript-notebook-190
475	Box 32	no		Peirce, Charles S. (Charles Sanders), 1839-1914.  C. S. Peirce's Lowell Lectures of 1903. Eighth Lecture, Abduction   : autograph manuscript notebook	475_c-s-peirce-s-lowell-lectures-of-1903-eighth-l
736	Box 48	no		Peirce, Charles S. (Charles Sanders), 1839-1914.  Qualitative Logic   : autograph manuscript, circa 1893?	736_qualitative-logic
737	Box 48	no		Peirce, Charles S. (Charles Sanders), 1839-1914.  Memoir #4. Algebra of Copula   : autograph manuscript, undated	737_memoir-4-algebra-of-copula
738	Box 48	no		Peirce, Charles S. (Charles Sanders), 1839-1914.  [On the Quantified Predicate]   : autograph manuscript, undated	738_on-the-quantified-predicate
739	Box 48	no		Peirce, Charles S. (Charles Sanders), 1839-1914.  [Thought and Feeling]   : autograph manuscript, undated	739_thought-and-feeling
741	Box 48	no		Peirce, Charles S. (Charles Sanders), 1839-1914.  [Sheets from a Notebook on Logic]   : autograph manuscript, circa 1860-1867	741_on-the-figures-and-methods-of-logic
758	Box 49	no		Peirce, Charles S. (Charles Sanders), 1839-1914.  (Aristotle 9, Aristotle 10)   : autograph manuscript, undated	758_aristotle-9-aristotle-10
760	Box 49	no		Peirce, Charles S. (Charles Sanders), 1839-1914.  [Necessary Reasoning]   : autograph manuscript, undated	760_necessary-reasoning
761	Box 49	no		Peirce, Charles S. (Charles Sanders), 1839-1914.  Examples of Probable Reasoning   : autograph manuscript, undated	761_examples-of-probable-reasoning
762	Box 49	no		Peirce, Charles S. (Charles Sanders), 1839-1914.  [Plan for a Work on Probability]   : autograph manuscript, undated	762_plan-for-a-work-on-probability
763	Box 49	no		Peirce, Charles S. (Charles Sanders), 1839-1914.  The Doctrine of Chances   : autograph manuscript, undated	763_the-doctrine-of-chances
764	Box 49	no		Peirce, Charles S. (Charles Sanders), 1839-1914.  [Probability and Induction]   : autograph manuscript, undated	764
765	Box 49	no		Peirce, Charles S. (Charles Sanders), 1839-1914.  Lecture II   : autograph manuscript, undated	765_lecture-ii
766	Box 49	no		Peirce, Charles S. (Charles Sanders), 1839-1914.  Synopsis of the Discussion of the Ground of Induction (S)   : autograph manuscript, undated	766_synopsis-of-the-discussion-of-the-ground-of-i
767	Box 49	no		Peirce, Charles S. (Charles Sanders), 1839-1914.  [Fragments on Induction and Abduction]   : autograph manuscript, undated	767_fragments-on-induction-and-abduction
768	Box 49	no		Peirce, Charles S. (Charles Sanders), 1839-1914.  Statistical Deduction   : autograph manuscript, undated	768_statistical-deduction
769	Box 49	no		Peirce, Charles S. (Charles Sanders), 1839-1914.  Logic of Science   : autograph manuscript, undated	769_logic-of-science
770	Box 49	no		Peirce, Charles S. (Charles Sanders), 1839-1914.  The Logic of Science   : autograph manuscript, undated	770_the-logic-of-science
771	Box 49	no		Peirce, Charles S. (Charles Sanders), 1839-1914.  Essays on the Rationale of Science   : autograph manuscript, undated	771_essays-on-the-rationale-of-science
772	Box 49	no		Peirce, Charles S. (Charles Sanders), 1839-1914.  [Physical Laws]   : autograph manuscript, circa 1873	772_physical-laws
780	Box 50	no		Peirce, Charles S. (Charles Sanders), 1839-1914.  Table of Syllogisms   : autograph manuscript, undated	780_table-of-syllogisms
781	Box 50	no		Peirce, Charles S. (Charles Sanders), 1839-1914.  Classification of Universals   : autograph manuscript, undated	781_classification-of-universals
782	Box 50	no		Peirce, Charles S. (Charles Sanders), 1839-1914.  Table of Contraposition   : autograph manuscript, undated	782_table-of-contraposition
783	Box 50	no		Peirce, Charles S. (Charles Sanders), 1839-1914.  [On the Syllogism]   : autograph manuscript, undated	783_on-the-syllogism
787	Box 50	no		Peirce, Charles S. (Charles Sanders), 1839-1914.  That Categorical and Hypothetical Propositions are one in essence, with some connected matters   : autograph manuscript.	787_that-categorical-and-hypothetical-proposition
788	Box 50	no		Peirce, Charles S. (Charles Sanders), 1839-1914.  Propositions of the 0 order, Propositions of the 1st order, Syllogisms of 0-0 order, Syllogisms of the 0-1 order, Syllogisms of the 1-1 order   : autograph manuscript, undated	788_elements-of-a-proposition
789	Box 50	no		Peirce, Charles S. (Charles Sanders), 1839-1914.  [Elements of a Proposition]   : autograph manuscript, undated	789_propositions-of-the-0-order
790	Box 50	no		Peirce, Charles S. (Charles Sanders), 1839-1914.  [Fragment on Hypothetical Propositions]   : autograph manuscript.	790_fragment-on-hypothetical-propositions
791	Box 50	no		Peirce, Charles S. (Charles Sanders), 1839-1914.  #5 Analysis of the Proposition   : autograph manuscript, undated	791_5-analysis-of-the-proposition
792	Box 50	no		Peirce, Charles S. (Charles Sanders), 1839-1914.  On the Logical Nature of the Proposition (Dicisign)   : autograph manuscript, undated	792_on-the-logical-nature-of-the-proposition-dici
793	Box 50	no		Peirce, Charles S. (Charles Sanders), 1839-1914.  [On Signs]   : autograph manuscript, undated	793_on-signs
794	Box 50	no		Peirce, Charles S. (Charles Sanders), 1839-1914.  Sections of Roget's Thesaurus containing words meaning signs   : autograph manuscript, undated	794_sections-of-roget-s-thesaurus-containing-word
795	Box 50	no		Peirce, Charles S. (Charles Sanders), 1839-1914.  [Classification of Signs on the Basis of Idea, Token, and Type]   : autograph manuscript	795_classification-of-signs-on-the-basis-of-idea-
796	Box 50	no		Peirce, Charles S. (Charles Sanders), 1839-1914.  The Art of Reasoning. Chapter I. What is a Sign?   : autograph manuscript, undated	796_the-art-of-reasoning-chapter-i-what-is-a-sign
797	Box 50	yes	https://nrs.harvard.edu/URN-3:FHCL.HOUGH:105234412	Peirce, Charles S. (Charles Sanders), 1839-1914.  [Fragments on Signs]   : autograph manuscript, undated	797_fragments-on-signs
798	Box 50	yes	https://nrs.harvard.edu/URN-3:FHCL.HOUGH:105234423	Peirce, Charles S. (Charles Sanders), 1839-1914.  [On Signs]   : autograph manuscript	798_on-signs
799	Box 50	no		Peirce, Charles S. (Charles Sanders), 1839-1914.  [Ten Classes of Signs]   : autograph manuscript, undated	799_ten-classes-of-signs
800	Box 50	no		Peirce, Charles S. (Charles Sanders), 1839-1914.  P of L   : autograph manuscript, undated	800_p-of-l
801	Box 50	no		Peirce, Charles S. (Charles Sanders), 1839-1914.  Logic: Regarded as a Study of the General Nature of Signs (Logic)   : autograph manuscript, undated	801_logic-regarded-as-a-study-of-the-general-natu
802	Box 50	yes	https://nrs.harvard.edu/URN-3:FHCL.HOUGH:105234431	Peirce, Charles S. (Charles Sanders), 1839-1914.  Teleological Logic   : autograph manuscript, begun May 14, 1865	802_teleological-logic
804	Box 50	no		Peirce, Charles S. (Charles Sanders), 1839-1914.  [Assertion and Signs]   : autograph manuscript, undated	804_assertion-and-signs
805	Box 50	no		Peirce, Charles S. (Charles Sanders), 1839-1914.  [The Essential Nature of Assertions]   : autograph manuscript, undated	805_the-essential-nature-of-assertions
806	Box 50	no		Peirce, Charles S. (Charles Sanders), 1839-1914.  Of Modality   : autograph manuscript, undated	806_of-modality
807	Box 50	no		Peirce, Charles S. (Charles Sanders), 1839-1914.  [Necessary Modality]   : autograph manuscript, undated	807_necessary-modality
808	Box 50	no		Peirce, Charles S. (Charles Sanders), 1839-1914.  Formal Division(s) of Dyadic Relations   : autograph manuscript, undated	808_formal-division-s-of-dyadic-relations
809	Box 50	no		Peirce, Charles S. (Charles Sanders), 1839-1914.  #12. Division of Formal Science   : autograph manuscript, undated	809_12-division-of-formal-science
810	Box 50	no		Peirce, Charles S. (Charles Sanders), 1839-1914.  [On the Formal Principles of Deductive Logic]   : autograph manuscript, undated	810_on-the-formal-principles-of-deductive-logic
811	Box 50	no		[Printed Pages of On the Natural Classification of Arguments]   : Printed pages (annotated), 1893	811_on-the-natural-classification-of-arguments-pr
812	Box 50	no		Peirce, Charles S. (Charles Sanders), 1839-1914.  Logico-Mathematical Glosses   : autograph manuscript, undated	812_logico-mathematical-glosses
813	Box 50	no		Peirce, Charles S. (Charles Sanders), 1839-1914.  [Logic and Mathematics]   : autograph manuscript, undated	813_logic-and-mathematics
814	Box 50	no		Peirce, Charles S. (Charles Sanders), 1839-1914.  Achilles and the Tortoise   : autograph manuscript, undated	814_achilles-and-the-tortoise
815	Box 50	no		Peirce, Charles S. (Charles Sanders), 1839-1914.  [Achilles and the Tortoise]   : autograph manuscript, undated	815_achilles-and-the-tortoise
817	Box 50	no		Peirce, Charles S. (Charles Sanders), 1839-1914.  [Various Fragments on Indicative Words, Hypothetical Propositions, Truth and Satisfaction]   : autograph manuscript, undated	817_various-fragments-on-indicative-words-hypothe
818	Box 50	no		Peirce, Charles S. (Charles Sanders), 1839-1914.  Mr. Bertrand Russell's Paradox   : autograph manuscript, late	818_mr-bertrand-russell-s-paradox
819	Box 50	no		Peirce, Charles S. (Charles Sanders), 1839-1914.  The Conception of Infinity   : autograph manuscript, circa 1880	819_the-conception-of-infinity
820	Box 50	no		Peirce, Charles S. (Charles Sanders), 1839-1914.  [Fermatian Inference]   : autograph manuscript, undated	820_fermatian-inference
821	Box 50	no		Peirce, Charles S. (Charles Sanders), 1839-1914.  Some Unmanageable Problems   : autograph manuscript, undated	821_some-unmanageable-problems
822	Box 50	no		Peirce, Charles S. (Charles Sanders), 1839-1914.  [Hamilton and Mansel]   : autograph manuscript, undated	822_hamilton-and-mansel
823	Box 50	no		Peirce, Charles S. (Charles Sanders), 1839-1914.  [Critic of Arguments]   : autograph manuscript, undated	823_critic-of-arguments
L75	Multiple Containers	no		Carnegie Institution Correspondence.  Letter from Charles S. Peirce, July 15, 1902	L75_carnegie-institution-correspondence
REF		no			REF_ketner-comprehensive-bibliography-1977
